{
  "ensemble_weights": {
    "baseline": 0.5,
    "mlp": 0.25,
    "xgboost_tuned": 0.25
  },
  "models_used": {
    "baseline": false,
    "mlp": true,
    "xgboost_tuned": true
  },
  "metrics": {
    "train": {
      "accuracy": 0.654334535193604,
      "f1": 0.7303412009294362,
      "roc_auc": 0.7092361582473287,
      "logloss": 0.6344238720229454,
      "brier": 0.2215337514032969,
      "confusion_matrix": [
        [
          2376,
          3107
        ],
        [
          1303,
          5972
        ]
      ],
      "regression": {
        "mae": 10.135749954271382,
        "rmse": 12.900777429736857,
        "n_samples": 12758
      }
    },
    "val": {
      "accuracy": 0.6353328456474031,
      "f1": 0.7189173949816746,
      "roc_auc": 0.6842564398173001,
      "logloss": 0.6411390218254436,
      "brier": 0.2247611529685846,
      "confusion_matrix": [
        [
          462,
          680
        ],
        [
          317,
          1275
        ]
      ],
      "regression": {
        "mae": 10.09415488949015,
        "rmse": 12.926518422286744,
        "n_samples": 2734
      }
    },
    "test": {
      "accuracy": 0.6389904901243599,
      "f1": 0.716297786720322,
      "roc_auc": 0.6938091410567235,
      "logloss": 0.6399516552000691,
      "brier": 0.22420919482477694,
      "confusion_matrix": [
        [
          501,
          676
        ],
        [
          311,
          1246
        ]
      ],
      "regression": {
        "mae": 10.26586487801872,
        "rmse": 13.125245547760091,
        "n_samples": 2734
      }
    },
    "all": {
      "accuracy": 0.6491824865576649,
      "f1": 0.7265183917878528,
      "roc_auc": 0.7031610115614726,
      "logloss": 0.63626037914279,
      "brier": 0.2224192105382592,
      "confusion_matrix": [
        [
          3339,
          4463
        ],
        [
          1931,
          8493
        ]
      ],
      "regression": {
        "mae": 10.149028418795321,
        "rmse": 12.938551653355919,
        "n_samples": 18226
      }
    }
  },
  "predictions_path": "data_processed/predictions_ensemble.csv"
}